Workbook

Sheet Dashboard
A1: Student Feedback & Teaching Improvement Analyzer Dashboard
A2: Use Controls sheet thresholds to refresh faculty flags, priority levels, and all charts.
A4: Total Faculty | C4: Average Feedback | E4: Average Performance | G4: Average Workload % | I4: Faculty Below 4.0 | K4: High Priority Faculty
A5: =COUNTA(Analyzer!$A$2:$A$101) -> 100 | C5: =AVERAGE(Analyzer!$H$2:$H$101) -> 4.0253 | E5: =AVERAGE(Analyzer!$K$2:$K$101) -> 4.1276 | G5: =AVERAGE(Analyzer!$G$2:$G$101) -> 32.65 | I5: =COUNTIF(Analyzer!$H$2:$H$101,"<"&Controls!$B$5) -> 47 | K5: =COUNTIF(Analyzer!$Y$2:$Y$101,"High") -> 24
A8: Primary charts

Sheet Relationships
A1: Feedback Driver Relationships
A2: Scatter charts show how feedback aligns with teaching and faculty development metrics.

Sheet Analyzer
A1: Faculty-Level Student Feedback & Teaching Improvement Analyzer
A2: =Source_Data!A2 -> F001 | B2: =Source_Data!B2 -> Faculty_1 | C2: =Source_Data!E2 -> Management | D2: =Source_Data!F2 -> Assistant Professor | E2: =Source_Data!G2 -> Full-time | F2: =Source_Data!K2 -> Marketing | G2: =Source_Data!Z2 -> 25 | H2: =Source_Data!AV2 -> 3.04 | I2: =Source_Data!AW2 -> 80 | J2: =Source_Data!AX2 -> 80 | K2: =Source_Data!AY2 -> 3.52 | L2: =Source_Data!AZ2 -> 0 | M2: =Source_Data!AO2 -> 8 | N2: =Source_Data!AP2 -> 7 | O2: =Source_Data!AR2 -> 3 | P2: =Source_Data!AU2 -> 4 | Q2: =IF(H2<Controls!$B$4,"Critical",IF(H2<Controls!$B$5,"Needs Support",IF(H2<Controls!$B$6,"Good","Excellent"))) -> Critical | R2: =IF(G2>Controls!$B$7,"High",IF(G2<Controls!$B$8,"Low","Balanced")) -> Balanced | S2: =IF(I2<Controls!$B$9,"Yes","No") -> No | T2: =IF(J2<Controls!$B$10,"Yes","No") -> No | U2: =IF(L2<Controls!$B$11,"Yes","No") -> Yes | V2: =IF(K2<Controls!$B$12,"Yes","No") -> Yes | W2: =IF(G2>Controls!$B$7,"Yes","No") -> No | X2: =COUNTIF(S2:W2,"Yes") -> 2 | Y2: =IF(X2>=3,"High",IF(X2=2,"Medium","Low")) -> Medium | Z2: =IF(S2="Yes","Improve student attendance support",IF(T2="Yes","Accelerate course completion support",IF(U2="Yes","Increase faculty training/coaching",IF(V2="Yes","Target performance coaching",IF(W2="Yes","Rebalance teaching workload","Maintain current teaching plan"))))) -> Increase faculty training/coaching
A3: =Source_Data!A3 -> F002 | B3: =Source_Data!B3 -> Faculty_2 | C3: =Source_Data!E3 -> Economics | D3: =Source_Data!F3 -> Lecturer | E3: =Source_Data!G3 -> Part-time | F3: =Source_Data!K3 -> Data Analytics | G3: =Source_Data!Z3 -> 30 | H3: =Source_Data!AV3 -> 4.81 | I3: =Source_Data!AW3 -> 88 | J3: =Source_Data!AX3 -> 78 | K3: =Source_Data!AY3 -> 4.35 | L3: =Source_Data!AZ3 -> 8 | M3: =Source_Data!AO3 -> 2 | N3: =Source_Data!AP3 -> 1 | O3: =Source_Data!AR3 -> 5 | P3: =Source_Data!AU3 -> 6 | Q3: =IF(H3<Controls!$B$4,"Critical",IF(H3<Controls!$B$5,"Needs Support",IF(H3<Controls!$B$6,"Good","Excellent"))) -> Excellent | R3: =IF(G3>Controls!$B$7,"High",IF(G3<Controls!$B$8,"Low","Balanced")) -> Balanced | S3: =IF(I3<Controls!$B$9,"Yes","No") -> No | T3: =IF(J3<Controls!$B$10,"Yes","No") -> Yes | U3: =IF(L3<Controls!$B$11,"Yes","No") -> No | V3: =IF(K3<Controls!$B$12,"Yes","No") -> No | W3: =IF(G3>Controls!$B$7,"Yes","No") -> No | X3: =COUNTIF(S3:W3,"Yes") -> 1 | Y3: =IF(X3>=3,"High",IF(X3=2,"Medium","Low")) -> Low | Z3: =IF(S3="Yes","Improve student attendance support",IF(T3="Yes","Accelerate course completion support",IF(U3="Yes","Increase faculty training/coaching",IF(V3="Yes","Target performance coaching",IF(W3="Yes","Rebalance teaching workload","Maintain current teaching plan"))))) -> Accelerate course completion support
A4: =Source_Data!A4 -> F003 | B4: =Source_Data!B4 -> Faculty_3 | C4: =Source_Data!E4 -> Economics | D4: =Source_Data!F4 -> Lecturer | E4: =Source_Data!G4 -> Part-time | F4: =Source_Data!K4 -> Data Analytics | G4: =Source_Data!Z4 -> 40 | H4: =Source_Data!AV4 -> 4.07 | I4: =Source_Data!AW4 -> 88 | J4: =Source_Data!AX4 -> 70 | K4: =Source_Data!AY4 -> 3.79 | L4: =Source_Data!AZ4 -> 16 | M4: =Source_Data!AO4 -> 7 | N4: =Source_Data!AP4 -> 0 | O4: =Source_Data!AR4 -> 2 | P4: =Source_Data!AU4 -> 5 | Q4: =IF(H4<Controls!$B$4,"Critical",IF(H4<Controls!$B$5,"Needs Support",IF(H4<Controls!$B$6,"Good","Excellent"))) -> Good | R4: =IF(G4>Controls!$B$7,"High",IF(G4<Controls!$B$8,"Low","Balanced")) -> Balanced | S4: =IF(I4<Controls!$B$9,"Yes","No") -> No | T4: =IF(J4<Controls!$B$10,"Yes","No") -> Yes | U4: =IF(L4<Controls!$B$11,"Yes","No") -> No | V4: =IF(K4<Controls!$B$12,"Yes","No") -> Yes | W4: =IF(G4>Controls!$B$7,"Yes","No") -> No | X4: =COUNTIF(S4:W4,"Yes") -> 2 | Y4: =IF(X4>=3,"High",IF(X4=2,"Medium","Low")) -> Medium | Z4: =IF(S4="Yes","Improve student attendance support",IF(T4="Yes","Accelerate course completion support",IF(U4="Yes","Increase faculty training/coaching",IF(V4="Yes","Target performance coaching",IF(W4="Yes","Rebalance teaching workload","Maintain current teaching plan"))))) -> Accelerate course completion support
A5: =Source_Data!A5 -> F004 | B5: =Source_Data!B5 -> Faculty_4 | C5: =Source_Data!E5 -> Commerce | D5: =Source_Data!F5 -> Professor | E5: =Source_Data!G5 -> Part-time | F5: =Source_Data!K5 -> Marketing | G5: =Source_Data!Z5 -> 25 | H5: =Source_Data!AV5 -> 4.53 | I5: =Source_Data!AW5 -> 85 | J5: =Source_Data!AX5 -> 83 | K5: =Source_Data!AY5 -> 4.34 | L5: =Source_Data!AZ5 -> 15 | M5: =Source_Data!AO5 -> 10 | N5: =Source_Data!AP5 -> 4 | O5: =Source_Data!AR5 -> 3 | P5: =Source_Data!AU5 -> 6 | Q5: =IF(H5<Controls!$B$4,"Critical",IF(H5<Controls!$B$5,"Needs Support",IF(H5<Controls!$B$6,"Good","Excellent"))) -> Excellent | R5: =IF(G5>Controls!$B$7,"High",IF(G5<Controls!$B$8,"Low","Balanced")) -> Balanced | S5: =IF(I5<Controls!$B$9,"Yes","No") -> No | T5: =IF(J5<Controls!$B$10,"Yes","No") -> No | U5: =IF(L5<Controls!$B$11,"Yes","No") -> No | V5: =IF(K5<Controls!$B$12,"Yes","No") -> No | W5: =IF(G5>Controls!$B$7,"Yes","No") -> No | X5: =COUNTIF(S5:W5,"Yes") -> 0 | Y5: =IF(X5>=3,"High",IF(X5=2,"Medium","Low")) -> Low | Z5: =IF(S5="Yes","Improve student attendance support",IF(T5="Yes","Accelerate course completion support",IF(U5="Yes","Increase faculty training/coaching",IF(V5="Yes","Target performance coaching",IF(W5="Yes","Rebalance teaching workload","Maintain current teaching plan"))))) -> Maintain current teaching plan
A6: =Source_Data!A6 -> F005 | B6: =Source_Data!B6 -> Faculty_5 | C6: =Source_Data!E6 -> Commerce | D6: =Source_Data!F6 -> Professor | E6: =Source_Data!G6 -> Part-time | F6: =Source_Data!K6 -> Business Statistics | G6: =Source_Data!Z6 -> 25 | H6: =Source_Data!AV6 -> 3.8 | I6: =Source_Data!AW6 -> 77 | J6: =Source_Data!AX6 -> 87 | K6: =Source_Data!AY6 -> 4.07 | L6: =Source_Data!AZ6 -> 14 | M6: =Source_Data!AO6 -> 0 | N6: =Source_Data!AP6 -> 4 | O6: =Source_Data!AR6 -> 5 | P6: =Source_Data!AU6 -> 1 | Q6: =IF(H6<Controls!$B$4,"Critical",IF(H6<Controls!$B$5,"Needs Support",IF(H6<Controls!$B$6,"Good","Excellent"))) -> Needs Support | R6: =IF(G6>Controls!$B$7,"High",IF(G6<Controls!$B$8,"Low","Balanced")) -> Balanced | S6: =IF(I6<Controls!$B$9,"Yes","No") -> No | T6: =IF(J6<Controls!$B$10,"Yes","No") -> No | U6: =IF(L6<Controls!$B$11,"Yes","No") -> No | V6: =IF(K6<Controls!$B$12,"Yes","No") -> No | W6: =IF(G6>Controls!$B$7,"Yes","No") -> No | X6: =COUNTIF(S6:W6,"Yes") -> 0 | Y6: =IF(X6>=3,"High",IF(X6=2,"Medium","Low")) -> Low | Z6: =IF(S6="Yes","Improve student attendance support",IF(T6="Yes","Accelerate course completion support",IF(U6="Yes","Increase faculty training/coaching",IF(V6="Yes","Target performance coaching",IF(W6="Yes","Rebalance teaching workload","Maintain current teaching plan"))))) -> Maintain current teaching plan
A7: =Source_Data!A7 -> F006 | B7: =Source_Data!B7 -> Faculty_6 | C7: =Source_Data!E7 -> Computer Science | D7: =Source_Data!F7 -> Lecturer | E7: =Source_Data!G7 -> Visiting | F7: =Source_Data!K7 -> Financial Management | G7: =Source_Data!Z7 -> 20 | H7: =Source_Data!AV7 -> 3.78 | I7: =Source_Data!AW7 -> 96 | J7: =Source_Data!AX7 -> 78 | K7: =Source_Data!AY7 -> 3.84 | L7: =Source_Data!AZ7 -> 4 | M7: =Source_Data!AO7 -> 7 | N7: =Source_Data!AP7 -> 3 | O7: =Source_Data!AR7 -> 1 | P7: =Source_Data!AU7 -> 1 | Q7: =IF(H7<Controls!$B$4,"Critical",IF(H7<Controls!$B$5,"Needs Support",IF(H7<Controls!$B$6,"Good","Excellent"))) -> Needs Support | R7: =IF(G7>Controls!$B$7,"High",IF(G7<Controls!$B$8,"Low","Balanced")) -> Low | S7: =IF(I7<Controls!$B$9,"Yes","No") -> No | T7: =IF(J7<Controls!$B$10,"Yes","No") -> Yes | U7: =IF(L7<Controls!$B$11,"Yes","No") -> Yes | V7: =IF(K7<Controls!$B$12,"Yes","No") -> Yes | W7: =IF(G7>Controls!$B$7,"Yes","No") -> No | X7: =COUNTIF(S7:W7,"Yes") -> 3 | Y7: =IF(X7>=3,"High",IF(X7=2,"Medium","Low")) -> High | Z7: =IF(S7="Yes","Improve student attendance support",IF(T7="Yes","Accelerate course completion support",IF(U7="Yes","Increase faculty training/coaching",IF(V7="Yes","Target performance coaching",IF(W7="Yes","Rebalance teaching workload","Maintain current teaching plan"))))) -> Accelerate course completion support
A8: =Source_Data!A8 -> F007 | B8: =Source_Data!B8 -> Faculty_7 | C8: =Source_Data!E8 -> Management | D8: =Source_Data!F8 -> Assistant Professor | E8: =Source_Data!G8 -> Visiting | F8: =Source_Data!K8 -> Marketing | G8: =Source_Data!Z8 -> 30 | H8: =Source_Data!AV8 -> 3.35 | I8: =Source_Data!AW8 -> 84 | J8: =Source_Data!AX8 -> 85 | K8: =Source_Data!AY8 -> 3.8 | L8: =Source_Data!AZ8 -> 20 | M8: =Source_Data!AO8 -> 10 | N8: =Source_Data!AP8 -> 1 | O8: =Source_Data!AR8 -> 2 | P8: =Source_Data!AU8 -> 3 | Q8: =IF(H8<Controls!$B$4,"Critical",IF(H8<Controls!$B$5,"Needs Support",IF(H8<Controls!$B$6,"Good","Excellent"))) -> Critical | R8: =IF(G8>Controls!$B$7,"High",IF(G8<Controls!$B$8,"Low","Balanced")) -> Balanced | S8: =IF(I8<Controls!$B$9,"Yes","No") -> No | T8: =IF(J8<Controls!$B$10,"Yes","No") -> No | U8: =IF(L8<Controls!$B$11,"Yes","No") -> No | V8: =IF(K8<Controls!$B$12,"Yes","No") -> Yes | W8: =IF(G8>Controls!$B$7,"Yes","No") -> No | X8: =COUNTIF(S8:W8,"Yes") -> 1 | Y8: =IF(X8>=3,"High",IF(X8=2,"Medium","Low")) -> Low | Z8: =IF(S8="Yes","Improve student attendance support",IF(T8="Yes","Accelerate course completion support",IF(U8="Yes","Increase faculty training/coaching",IF(V8="Yes","Target performance coaching",IF(W8="Yes","Rebalance teaching workload","Maintain current teaching plan"))))) -> Target performance coaching
A9: =Source_Data!A9 -> F008 | B9: =Source_Data!B9 -> Faculty_8 | C9: =Source_Data!E9 -> Commerce | D9: =Source_Data!F9 -> Lecturer | E9: =Source_Data!G9 -> Part-time | F9: =Source_Data!K9 -> Business Statistics | G9: =Source_Data!Z9 -> 45 | H9: =Source_Data!AV9 -> 4.95 | I9: =Source_Data!AW9 -> 60 | J9: =Source_Data!AX9 -> 98 | K9: =Source_Data!AY9 -> 4.93 | L9: =Source_Data!AZ9 -> 9 | M9: =Source_Data!AO9 -> 6 | N9: =Source_Data!AP9 -> 8 | O9: =Source_Data!AR9 -> 4 | P9: =Source_Data!AU9 -> 0 | Q9: =IF(H9<Controls!$B$4,"Critical",IF(H9<Controls!$B$5,"Needs Support",IF(H9<Controls!$B$6,"Good","Excellent"))) -> Excellent | R9: =IF(G9>Controls!$B$7,"High",IF(G9<Controls!$B$8,"Low","Balanced")) -> High | S9: =IF(I9<Controls!$B$9,"Yes","No") -> Yes | T9: =IF(J9<Controls!$B$10,"Yes","No") -> No | U9: =IF(L9<Controls!$B$11,"Yes","No") -> No | V9: =IF(K9<Controls!$B$12,"Yes","No") -> No | W9: =IF(G9>Controls!$B$7,"Yes","No") -> Yes | X9: =COUNTIF(S9:W9,"Yes") -> 2 | Y9: =IF(X9>=3,"High",IF(X9=2,"Medium","Low")) -> Medium | Z9: =IF(S9="Yes","Improve student attendance support",IF(T9="Yes","Accelerate course completion support",IF(U9="Yes","Increase faculty training/coaching",IF(V9="Yes","Target performance coaching",IF(W9="Yes","Rebalance teaching workload","Maintain current teaching plan"))))) -> Improve student attendance support
A10: =Source_Data!A10 -> F009 | B10: =Source_Data!B10 -> Faculty_9 | C10: =Source_Data!E10 -> Management | D10: =Source_Data!F10 -> Lecturer | E10: =Source_Data!G10 -> Visiting | F10: =Source_Data!K10 -> Marketing | G10: =Source_Data!Z10 -> 40 | H10: =Source_Data!AV10 -> 3.05 | I10: =Source_Data!AW10 -> 69 | J10: =Source_Data!AX10 -> 98 | K10: =Source_Data!AY10 -> 3.98 | L10: =Source_Data!AZ10 -> 11 | M10: =Source_Data!AO10 -> 10 | N10: =Source_Data!AP10 -> 7 | O10: =Source_Data!AR10 -> 0 | P10: =Source_Data!AU10 -> 3 | Q10: =IF(H10<Controls!$B$4,"Critical",IF(H10<Controls!$B$5,"Needs Support",IF(H10<Controls!$B$6,"Good","Excellent"))) -> Critical | R10: =IF(G10>Controls!$B$7,"High",IF(G10<Controls!$B$8,"Low","Balanced")) -> Balanced | S10: =IF(I10<Controls!$B$9,"Yes","No") -> Yes | T10: =IF(J10<Controls!$B$10,"Yes","No") -> No | U10: =IF(L10<Controls!$B$11,"Yes","No") -> No | V10: =IF(K10<Controls!$B$12,"Yes","No") -> Yes | W10: =IF(G10>Controls!$B$7,"Yes","No") -> No | X10: =COUNTIF(S10:W10,"Yes") -> 2 | Y10: =IF(X10>=3,"High",IF(X10=2,"Medium","Low")) -> Medium | Z10: =IF(S10="Yes","Improve student attendance support",IF(T10="Yes","Accelerate course completion support",IF(U10="Yes","Increase faculty training/coaching",IF(V10="Yes","Target performance coaching",IF(W10="Yes","Rebalance teaching workload","Maintain current teaching plan"))))) -> Improve student attendance support
A11: =Source_Data!A11 -> F010 | B11: =Source_Data!B11 -> Faculty_10 | C11: =Source_Data!E11 -> Management | D11: =Source_Data!F11 -> Assistant Professor | E11: =Source_Data!G11 -> Visiting | F11: =Source_Data!K11 -> Business Statistics | G11: =Source_Data!Z11 -> 30 | H11: =Source_Data!AV11 -> 4.51 | I11: =Source_Data!AW11 -> 81 | J11: =Source_Data!AX11 -> 96 | K11: =Source_Data!AY11 -> 4.65 | L11: =Source_Data!AZ11 -> 5 | M11: =Source_Data!AO11 -> 6 | N11: =Source_Data!AP11 -> 5 | O11: =Source_Data!AR11 -> 2 | P11: =Source_Data!AU11 -> 4 | Q11: =IF(H11<Controls!$B$4,"Critical",IF(H11<Controls!$B$5,"Needs Support",IF(H11<Controls!$B$6,"Good","Excellent"))) -> Excellent | R11: =IF(G11>Controls!$B$7,"High",IF(G11<Controls!$B$8,"Low","Balanced")) -> Balanced | S11: =IF(I11<Controls!$B$9,"Yes","No") -> No | T11: =IF(J11<Controls!$B$10,"Yes","No") -> No | U11: =IF(L11<Controls!$B$11,"Yes","No") -> Yes | V11: =IF(K11<Controls!$B$12,"Yes","No") -> No | W11: =IF(G11>Controls!$B$7,"Yes","No") -> No | X11: =COUNTIF(S11:W11,"Yes") -> 1 | Y11: =IF(X11>=3,"High",IF(X11=2,"Medium","Low")) -> Low | Z11: =IF(S11="Yes","Improve student attendance support",IF(T11="Yes","Accelerate course completion support",IF(U11="Yes","Increase faculty training/coaching",IF(V11="Yes","Target performance coaching",IF(W11="Yes","Rebalance teaching workload","Maintain current teaching plan"))))) -> Increase faculty training/coaching
A12: =Source_Data!A12 -> F011 | B12: =Source_Data!B12 -> Faculty_11 | C12: =Source_Data!E12 -> Economics | D12: =Source_Data!F12 -> Professor | E12: =Source_Data!G12 -> Full-time | F12: =Source_Data!K12 -> Business Statistics | G12: =Source_Data!Z12 -> 45 | H12: =Source_Data!AV12 -> 4.27 | I12: =Source_Data!AW12 -> 63 | J12: =Source_Data!AX12 -> 99 | K12: =Source_Data!AY12 -> 4.61 | L12: =Source_Data!AZ12 -> 12 | M12: =Source_Data!AO12 -> 1 | N12: =Source_Data!AP12 -> 2 | O12: =Source_Data!AR12 -> 0 | P12: =Source_Data!AU12 -> 3 | Q12: =IF(H12<Controls!$B$4,"Critical",IF(H12<Controls!$B$5,"Needs Support",IF(H12<Controls!$B$6,"Good","Excellent"))) -> Good | R12: =IF(G12>Controls!$B$7,"High",IF(G12<Controls!$B$8,"Low","Balanced")) -> High | S12: =IF(I12<Controls!$B$9,"Yes","No") -> Yes | T12: =IF(J12<Controls!$B$10,"Yes","No") -> No | U12: =IF(L12<Controls!$B$11,"Yes","No") -> No | V12: =IF(K12<Controls!$B$12,"Yes","No") -> No | W12: =IF(G12>Controls!$B$7,"Yes","No") -> Yes | X12: =COUNTIF(S12:W12,"Yes") -> 2 | Y12: =IF(X12>=3,"High",IF(X12=2,"Medium","Low")) -> Medium | Z12: =IF(S12="Yes","Improve student attendance support",IF(T12="Yes","Accelerate course completion support",IF(U12="Yes","Increase faculty training/coaching",IF(V12="Yes","Target performance coaching",IF(W12="Yes","Rebalance teaching workload","Maintain current teaching plan"))))) -> Improve student attendance support
A13: =Source_Data!A13 -> F012 | B13: =Source_Data!B13 -> Faculty_12 | C13: =Source_Data!E13 -> Mathematics | D13: =Source_Data!F13 -> Professor | E13: =Source_Data!G13 -> Full-time | F13: =Source_Data!K13 -> Financial Management | G13: =Source_Data!Z13 -> 25 | H13: =Source_Data!AV13 -> 4.04 | I13: =Source_Data!AW13 -> 60 | J13: =Source_Data!AX13 -> 92 | K13: =Source_Data!AY13 -> 4.32 | L13: =Source_Data!AZ13 -> 12 | M13: =Source_Data!AO13 -> 4 | N13: =Source_Data!AP13 -> 4 | O13: =Source_Data!AR13 -> 3 | P13: =Source_Data!AU13 -> 6 | Q13: =IF(H13<Controls!$B$4,"Critical",IF(H13<Controls!$B$5,"Needs Support",IF(H13<Controls!$B$6,"Good","Excellent"))) -> Good | R13: =IF(G13>Controls!$B$7,"High",IF(G13<Controls!$B$8,"Low","Balanced")) -> Balanced | S13: =IF(I13<Controls!$B$9,"Yes","No") -> Yes | T13: =IF(J13<Controls!$B$10,"Yes","No") -> No | U13: =IF(L13<Controls!$B$11,"Yes","No") -> No | V13: =IF(K13<Controls!$B$12,"Yes","No") -> No | W13: =IF(G13>Controls!$B$7,"Yes","No") -> No | X13: =COUNTIF(S13:W13,"Yes") -> 1 | Y13: =IF(X13>=3,"High",IF(X13=2,"Medium","Low")) -> Low | Z13: =IF(S13="Yes","Improve student attendance support",IF(T13="Yes","Accelerate course completion support",IF(U13="Yes","Increase faculty training/coaching",IF(V13="Yes","Target performance coaching",IF(W13="Yes","Rebalance teaching workload","Maintain current teaching plan"))))) -> Improve student attendance support
... A101: =Source_Data!A101 -> F100 | B101: =Source_Data!B101 -> Faculty_100 | C101: =Source_Data!E101 -> Computer Science | D101: =Source_Data!F101 -> Lecturer | E101: =Source_Data!G101 -> Visiting | F101: =Source_Data!K101 -> Business Statistics | G101: =Source_Data!Z101 -> 35 | H101: =Source_Data!AV101 -> 4.31 | I101: =Source_Data!AW101 -> 77 | J101: =Source_Data!AX101 -> 88 | K101: =Source_Data!AY101 -> 4.36 | L101: =Source_Data!AZ101 -> 8 | M101: =Source_Data!AO101 -> 2 | N101: =Source_Data!AP101 -> 1 | O101: =Source_Data!AR101 -> 0 | P101: =Source_Data!AU101 -> 3 | Q101: =IF(H101<Controls!$B$4,"Critical",IF(H101<Controls!$B$5,"Needs Support",IF(H101<Controls!$B$6,"Good","Excellent"))) -> Good | R101: =IF(G101>Controls!$B$7,"High",IF(G101<Controls!$B$8,"Low","Balanced")) -> Balanced | S101: =IF(I101<Controls!$B$9,"Yes","No") -> No | T101: =IF(J101<Controls!$B$10,"Yes","No") -> No | U101: =IF(L101<Controls!$B$11,"Yes","No") -> No | V101: =IF(K101<Controls!$B$12,"Yes","No") -> No | W101: =IF(G101>Controls!$B$7,"Yes","No") -> No | X101: =COUNTIF(S101:W101,"Yes") -> 0 | Y101: =IF(X101>=3,"High",IF(X101=2,"Medium","Low")) -> Low | Z101: =IF(S101="Yes","Improve student attendance support",IF(T101="Yes","Accelerate course completion support",IF(U101="Yes","Increase faculty training/coaching",IF(V101="Yes","Target performance coaching",IF(W101="Yes","Rebalance teaching workload","Maintain current teaching plan"))))) -> Maintain current teaching plan

Sheet Chart_Data
A1: Chart Data (formula-driven)
A3: Feedback Band | B3: Faculty Count | D3: Department | E3: Avg Feedback | G3: Designation | H3: Avg Feedback | J3: Improvement Focus | K3: Flagged Faculty | M3: Training Band | N3: Avg Feedback | P3: Department | Q3: High Priority Faculty
A4: Critical | B4: =COUNTIF(Analyzer!$Q$2:$Q$101,A4) -> 22 | D4: Economics | E4: =AVERAGEIF(Analyzer!$C$2:$C$101,D4,Analyzer!$H$2:$H$101) -> 4.255 | G4: Assistant Professor | H4: =AVERAGEIF(Analyzer!$D$2:$D$101,G4,Analyzer!$H$2:$H$101) -> 4.0868571 | J4: Attendance | K4: =COUNTIF(Analyzer!$S$2:$S$101,"Yes") -> 40 | M4: Low Training | N4: =AVERAGEIF(Analyzer!$L$2:$L$101,"<"&Controls!$B$11,Analyzer!$H$2:$H$101) -> 3.8847222 | P4: Economics | Q4: =COUNTIFS(Analyzer!$C$2:$C$101,P4,Analyzer!$Y$2:$Y$101,"High") -> 3
A5: Needs Support | B5: =COUNTIF(Analyzer!$Q$2:$Q$101,A5) -> 25 | D5: Commerce | E5: =AVERAGEIF(Analyzer!$C$2:$C$101,D5,Analyzer!$H$2:$H$101) -> 4.0891667 | G5: Professor | H5: =AVERAGEIF(Analyzer!$D$2:$D$101,G5,Analyzer!$H$2:$H$101) -> 3.9945455 | J5: Completion | K5: =COUNTIF(Analyzer!$T$2:$T$101,"Yes") -> 38 | M5: Mid Training | N5: =AVERAGEIFS(Analyzer!$H$2:$H$101,Analyzer!$L$2:$L$101,">="&Controls!$B$11,Analyzer!$L$2:$L$101,"<"&Controls!$B$13) -> 4.2363636 | P5: Commerce | Q5: =COUNTIFS(Analyzer!$C$2:$C$101,P5,Analyzer!$Y$2:$Y$101,"High") -> 8
A6: Good | B6: =COUNTIF(Analyzer!$Q$2:$Q$101,A6) -> 32 | D6: Mathematics | E6: =AVERAGEIF(Analyzer!$C$2:$C$101,D6,Analyzer!$H$2:$H$101) -> 4.0110526 | G6: Lecturer | H6: =AVERAGEIF(Analyzer!$D$2:$D$101,G6,Analyzer!$H$2:$H$101) -> 3.9896875 | J6: Training | K6: =COUNTIF(Analyzer!$U$2:$U$101,"Yes") -> 36 | M6: High Training | N6: =AVERAGEIF(Analyzer!$L$2:$L$101,">="&Controls!$B$13,Analyzer!$H$2:$H$101) -> 3.963871 | P6: Mathematics | Q6: =COUNTIFS(Analyzer!$C$2:$C$101,P6,Analyzer!$Y$2:$Y$101,"High") -> 3
A7: Excellent | B7: =COUNTIF(Analyzer!$Q$2:$Q$101,A7) -> 21 | D7: Management | E7: =AVERAGEIF(Analyzer!$C$2:$C$101,D7,Analyzer!$H$2:$H$101) -> 3.8983333 | J7: Performance | K7: =COUNTIF(Analyzer!$V$2:$V$101,"Yes") -> 32 | P7: Management | Q7: =COUNTIFS(Analyzer!$C$2:$C$101,P7,Analyzer!$Y$2:$Y$101,"High") -> 2
D8: Computer Science | E8: =AVERAGEIF(Analyzer!$C$2:$C$101,D8,Analyzer!$H$2:$H$101) -> 3.7882353 | J8: Workload | K8: =COUNTIF(Analyzer!$W$2:$W$101,"Yes") -> 15 | P8: Computer Science | Q8: =COUNTIFS(Analyzer!$C$2:$C$101,P8,Analyzer!$Y$2:$Y$101,"High") -> 8

Sheet Controls
A1: Student Feedback & Teaching Improvement Analyzer Controls
A3: Control | B3: Value | C3: Description
A4: Critical feedback threshold | B4: 3.5 | C4: Feedback score below this is Critical
A5: Support feedback threshold | B5: 4 | C5: Feedback score below this needs support
A6: Excellent feedback threshold | B6: 4.5 | C6: Feedback score at or above this is Excellent
A7: High workload threshold (%) | B7: 40 | C7: Workload above this is flagged
A8: Low workload threshold (%) | B8: 25 | C8: Workload below this is considered low
A9: Low attendance threshold (%) | B9: 75 | C9: Attendance below this is flagged
A10: Low completion threshold (%) | B10: 80 | C10: Course completion below this is flagged
A11: Low training threshold (hrs) | B11: 8 | C11: Training below this is flagged
A12: Low performance threshold | B12: 4 | C12: Performance rating below this is flagged
A13: High training threshold (hrs) | B13: 15 | C13: Used for training band chart
A15: Tip: update the Values column to refresh the analyzer and charts.

Sheet Source_Data
A1: faculty_id | B1: faculty_name | C1: faculty_email | D1: faculty_phone | E1: department_name | F1: designation | G1: employment_type | H1: date_of_joining | I1: experience_years | J1: qualification | K1: subject_name | L1: subject_code | M1: course_type | N1: semester_number | O1: section_name | P1: subjects_assigned_count | Q1: hours_per_subject | R1: lecture_hours | S1: lab_hours | T1: tutorial_hours | U1: weekly_teaching_hours | V1: monthly_teaching_hours | W1: max_allowed_hours | X1: extra_hours | Y1: remaining_capacity_hours | Z1: workload_percentage | AA1: workload_status | AB1: faculty_availability | AC1: schedule_conflict | AD1: class_count_per_week | AE1: class_day | AF1: class_start_time | AG1: class_end_time | AH1: total_class_duration | AI1: break_time | AJ1: room_number | AK1: online_offline_mode | AL1: calendar_slot | AM1: holiday_flag | AN1: rescheduled_class | AO1: research_hours | AP1: administrative_hours | AQ1: committee_assignment | AR1: meeting_hours | AS1: student_mentoring_hours | AT1: exam_duty_hours | AU1: evaluation_hours | AV1: student_feedback_score | AW1: attendance_percentage | AX1: course_completion_percentage | AY1: faculty_performance_rating | AZ1: training_hours | BA1: promotion_eligibility | BB1: user_query | BC1: intent_type | BD1: response_status | BE1: data_source | BF1: last_updated_time | BG1: report_requested
A2: F001 | B2: Faculty_1 | C2: faculty1@college.edu | D2: 9836534476 | E2: Management | F2: Assistant Professor | G2: Full-time | H2: 44985 | I2: 17 | J2: MBA | K2: Marketing | L2: SUB159 | M2: UG | N2: 1 | O2: B | P2: 1 | Q2: 5 | R2: 5 | S2: 0 | T2: 0 | U2: 5 | V2: 20 | W2: 20 | X2: 0 | Y2: 15 | Z2: 25 | AA2: Balanced | AB2: Busy | AC2: No | AD2: 5 | AE2: Monday | AF2: 08:00:00 | AG2: 10:00:00 | AH2: 2 | AI2: 5 | AJ2: Lab1 | AK2: Online | AL2: 2 | AM2: No | AN2: Yes | AO2: 8 | AP2: 7 | AQ2: Research Committee | AR2: 3 | AS2: 1 | AT2: 1 | AU2: 4 | AV2: 3.04 | AW2: 80 | AX2: 80 | AY2: 3.52 | AZ2: 0 | BA2: Eligible | BB2: Show faculty workload | BC2: Schedule | BD2: Success | BE2: Excel | BF2: 46096.421 | BG2: Yes
A3: F002 | B3: Faculty_2 | C3: faculty2@college.edu | D3: 9859370277 | E3: Economics | F3: Lecturer | G3: Part-time | H3: 42440 | I3: 10 | J3: PhD | K3: Data Analytics | L3: SUB433 | M3: Certificate | N3: 3 | O3: B | P3: 4 | Q3: 4 | R3: 3 | S3: 3 | T3: 0 | U3: 6 | V3: 24 | W3: 20 | X3: 0 | Y3: 14 | Z3: 30 | AA3: Balanced | AB3: Busy | AC3: Yes | AD3: 3 | AE3: Friday | AF3: 12:00:00 | AG3: 13:00:00 | AH3: 1 | AI3: 9 | AJ3: Lab1 | AK3: Offline | AL3: 8 | AM3: Yes | AN3: No | AO3: 2 | AP3: 1 | AQ3: Research Committee | AR3: 5 | AS3: 3 | AT3: 0 | AU3: 6 | AV3: 4.81 | AW3: 88 | AX3: 78 | AY3: 4.35 | AZ3: 8 | BA3: Not eligible | BB3: Show faculty workload | BC3: Workload | BD3: Error | BE3: Excel | BF3: 46096.421 | BG3: Yes
A4: F003 | B4: Faculty_3 | C4: faculty3@college.edu | D4: 9889881451 | E4: Economics | F4: Lecturer | G4: Part-time | H4: 43282 | I4: 8 | J4: MCom | K4: Data Analytics | L4: SUB702 | M4: Certificate | N4: 5 | O4: A | P4: 2 | Q4: 3 | R4: 4 | S4: 2 | T4: 2 | U4: 8 | V4: 32 | W4: 20 | X4: 0 | Y4: 12 | Z4: 40 | AA4: Balanced | AB4: Available | AC4: No | AD4: 7 | AE4: Monday | AF4: 11:00:00 | AG4: 13:00:00 | AH4: 2 | AI4: 13 | AJ4: R201 | AK4: Online | AL4: 4 | AM4: Yes | AN4: No | AO4: 7 | AP4: 0 | AQ4: Cultural Committee | AR4: 2 | AS4: 5 | AT4: 3 | AU4: 5 | AV4: 4.07 | AW4: 88 | AX4: 70 | AY4: 3.79 | AZ4: 16 | BA4: Not eligible | BB4: Show faculty workload | BC4: Workload | BD4: Success | BE4: Database | BF4: 46096.421 | BG4: Yes
A5: F004 | B5: Faculty_4 | C5: faculty4@college.edu | D5: 9821121496 | E5: Commerce | F5: Professor | G5: Part-time | H5: 44327 | I5: 10 | J5: MCom | K5: Marketing | L5: SUB373 | M5: Certificate | N5: 5 | O5: C | P5: 2 | Q5: 2 | R5: 3 | S5: 1 | T5: 1 | U5: 5 | V5: 20 | W5: 20 | X5: 0 | Y5: 15 | Z5: 25 | AA5: Balanced | AB5: Available | AC5: Yes | AD5: 3 | AE5: Tuesday | AF5: 13:00:00 | AG5: 15:00:00 | AH5: 2 | AI5: 8 | AJ5: R102 | AK5: Online | AL5: 8 | AM5: No | AN5: Yes | AO5: 10 | AP5: 4 | AQ5: Cultural Committee | AR5: 3 | AS5: 1 | AT5: 1 | AU5: 6 | AV5: 4.53 | AW5: 85 | AX5: 83 | AY5: 4.34 | AZ5: 15 | BA5: Eligible | BB5: Show faculty workload | BC5: Faculty info | BD5: Success | BE5: Excel | BF5: 46096.421 | BG5: Yes
A6: F005 | B6: Faculty_5 | C6: faculty5@college.edu | D6: 9827806690 | E6: Commerce | F6: Professor | G6: Part-time | H6: 43916 | I6: 3 | J6: MBA | K6: Business Statistics | L6: SUB448 | M6: Certificate | N6: 5 | O6: A | P6: 2 | Q6: 4 | R6: 3 | S6: 1 | T6: 1 | U6: 5 | V6: 20 | W6: 20 | X6: 0 | Y6: 15 | Z6: 25 | AA6: Balanced | AB6: Available | AC6: Yes | AD6: 10 | AE6: Monday | AF6: 11:00:00 | AG6: 13:00:00 | AH6: 2 | AI6: 18 | AJ6: R101 | AK6: Offline | AL6: 8 | AM6: No | AN6: No | AO6: 0 | AP6: 4 | AQ6: Research Committee | AR6: 5 | AS6: 3 | AT6: 4 | AU6: 1 | AV6: 3.8 | AW6: 77 | AX6: 87 | AY6: 4.07 | AZ6: 14 | BA6: Eligible | BB6: Show faculty workload | BC6: Workload | BD6: Success | BE6: Excel | BF6: 46096.421 | BG6: No
A7: F006 | B7: Faculty_6 | C7: faculty6@college.edu | D7: 9853077315 | E7: Computer Science | F7: Lecturer | G7: Visiting | H7: 43810 | I7: 10 | J7: MBA | K7: Financial Management | L7: SUB265 | M7: PG | N7: 1 | O7: A | P7: 3 | Q7: 2 | R7: 3 | S7: 0 | T7: 1 | U7: 4 | V7: 16 | W7: 20 | X7: 0 | Y7: 16 | Z7: 20 | AA7: Balanced | AB7: Available | AC7: Yes | AD7: 10 | AE7: Friday | AF7: 13:00:00 | AG7: 14:00:00 | AH7: 1 | AI7: 19 | AJ7: R101 | AK7: Offline | AL7: 2 | AM7: Yes | AN7: No | AO7: 7 | AP7: 3 | AQ7: NA | AR7: 1 | AS7: 1 | AT7: 5 | AU7: 1 | AV7: 3.78 | AW7: 96 | AX7: 78 | AY7: 3.84 | AZ7: 4 | BA7: Eligible | BB7: Show faculty workload | BC7: Faculty info | BD7: Error | BE7: Database | BF7: 46096.421 | BG7: No
A8: F007 | B8: Faculty_7 | C8: faculty7@college.edu | D8: 9837058088 | E8: Management | F8: Assistant Professor | G8: Visiting | H8: 44236 | I8: 16 | J8: MCom | K8: Marketing | L8: SUB967 | M8: Certificate | N8: 4 | O8: A | P8: 2 | Q8: 3 | R8: 4 | S8: 2 | T8: 0 | U8: 6 | V8: 24 | W8: 20 | X8: 0 | Y8: 14 | Z8: 30 | AA8: Balanced | AB8: Available | AC8: Yes | AD8: 3 | AE8: Monday | AF8: 09:00:00 | AG8: 10:00:00 | AH8: 1 | AI8: 16 | AJ8: R201 | AK8: Offline | AL8: 5 | AM8: No | AN8: No | AO8: 10 | AP8: 1 | AQ8: NA | AR8: 2 | AS8: 0 | AT8: 0 | AU8: 3 | AV8: 3.35 | AW8: 84 | AX8: 85 | AY8: 3.8 | AZ8: 20 | BA8: Not eligible | BB8: Show faculty workload | BC8: Faculty info | BD8: Error | BE8: Database | BF8: 46096.421 | BG8: Yes
A9: F008 | B9: Faculty_8 | C9: faculty8@college.edu | D9: 9890085921 | E9: Commerce | F9: Lecturer | G9: Part-time | H9: 42677 | I9: 3 | J9: PhD | K9: Business Statistics | L9: SUB726 | M9: UG | N9: 2 | O9: B | P9: 1 | Q9: 5 | R9: 4 | S9: 3 | T9: 2 | U9: 9 | V9: 36 | W9: 20 | X9: 0 | Y9: 11 | Z9: 45 | AA9: Balanced | AB9: Available | AC9: Yes | AD9: 7 | AE9: Wednesday | AF9: 10:00:00 | AG9: 12:00:00 | AH9: 2 | AI9: 19 | AJ9: Lab1 | AK9: Online | AL9: 2 | AM9: Yes | AN9: No | AO9: 6 | AP9: 8 | AQ9: NA | AR9: 4 | AS9: 0 | AT9: 0 | AU9: 0 | AV9: 4.95 | AW9: 60 | AX9: 98 | AY9: 4.93 | AZ9: 9 | BA9: Not eligible | BB9: Show faculty workload | BC9: Workload | BD9: Success | BE9: Excel | BF9: 46096.421 | BG9: Yes
A10: F009 | B10: Faculty_9 | C10: faculty9@college.edu | D10: 9877702039 | E10: Management | F10: Lecturer | G10: Visiting | H10: 42984 | I10: 20 | J10: MSc | K10: Marketing | L10: SUB850 | M10: Certificate | N10: 1 | O10: B | P10: 4 | Q10: 4 | R10: 5 | S10: 3 | T10: 0 | U10: 8 | V10: 32 | W10: 20 | X10: 0 | Y10: 12 | Z10: 40 | AA10: Balanced | AB10: Available | AC10: Yes | AD10: 10 | AE10: Monday | AF10: 11:00:00 | AG10: 12:00:00 | AH10: 1 | AI10: 7 | AJ10: R102 | AK10: Offline | AL10: 5 | AM10: No | AN10: Yes | AO10: 10 | AP10: 7 | AQ10: Research Committee | AR10: 0 | AS10: 2 | AT10: 3 | AU10: 3 | AV10: 3.05 | AW10: 69 | AX10: 98 | AY10: 3.98 | AZ10: 11 | BA10: Not eligible | BB10: Show faculty workload | BC10: Workload | BD10: Error | BE10: Excel | BF10: 46096.421 | BG10: No
A11: F010 | B11: Faculty_10 | C11: faculty10@college.edu | D11: 9869919520 | E11: Management | F11: Assistant Professor | G11: Visiting | H11: 44950 | I11: 17 | J11: MSc | K11: Business Statistics | L11: SUB946 | M11: PG | N11: 3 | O11: C | P11: 2 | Q11: 3 | R11: 5 | S11: 1 | T11: 0 | U11: 6 | V11: 24 | W11: 20 | X11: 0 | Y11: 14 | Z11: 30 | AA11: Balanced | AB11: Busy | AC11: No | AD11: 5 | AE11: Monday | AF11: 11:00:00 | AG11: 12:00:00 | AH11: 1 | AI11: 17 | AJ11: R102 | AK11: Offline | AL11: 4 | AM11: No | AN11: Yes | AO11: 6 | AP11: 5 | AQ11: Research Committee | AR11: 2 | AS11: 5 | AT11: 0 | AU11: 4 | AV11: 4.51 | AW11: 81 | AX11: 96 | AY11: 4.65 | AZ11: 5 | BA11: Not eligible | BB11: Show faculty workload | BC11: Workload | BD11: Error | BE11: Database | BF11: 46096.421 | BG11: No
A12: F011 | B12: Faculty_11 | C12: faculty11@college.edu | D12: 9879710450 | E12: Economics | F12: Professor | G12: Full-time | H12: 44558 | I12: 8 | J12: MBA | K12: Business Statistics | L12: SUB646 | M12: PG | N12: 4 | O12: B | P12: 4 | Q12: 3 | R12: 6 | S12: 3 | T12: 0 | U12: 9 | V12: 36 | W12: 20 | X12: 0 | Y12: 11 | Z12: 45 | AA12: Balanced | AB12: Available | AC12: No | AD12: 4 | AE12: Wednesday | AF12: 12:00:00 | AG12: 14:00:00 | AH12: 2 | AI12: 7 | AJ12: R201 | AK12: Online | AL12: 10 | AM12: Yes | AN12: Yes | AO12: 1 | AP12: 2 | AQ12: Cultural Committee | AR12: 0 | AS12: 1 | AT12: 3 | AU12: 3 | AV12: 4.27 | AW12: 63 | AX12: 99 | AY12: 4.61 | AZ12: 12 | BA12: Eligible | BB12: Show faculty workload | BC12: Faculty info | BD12: Error | BE12: Excel | BF12: 46096.421 | BG12: No
A13: F012 | B13: Faculty_12 | C13: faculty12@college.edu | D13: 9859268165 | E13: Mathematics | F13: Professor | G13: Full-time | H13: 42832 | I13: 1 | J13: PhD | K13: Financial Management | L13: SUB923 | M13: Certificate | N13: 5 | O13: A | P13: 2 | Q13: 4 | R13: 4 | S13: 1 | T13: 0 | U13: 5 | V13: 20 | W13: 20 | X13: 0 | Y13: 15 | Z13: 25 | AA13: Balanced | AB13: Available | AC13: No | AD13: 5 | AE13: Tuesday | AF13: 14:00:00 | AG13: 15:00:00 | AH13: 1 | AI13: 7 | AJ13: R201 | AK13: Offline | AL13: 8 | AM13: Yes | AN13: Yes | AO13: 4 | AP13: 4 | AQ13: Exam Committee | AR13: 3 | AS13: 2 | AT13: 4 | AU13: 6 | AV13: 4.04 | AW13: 60 | AX13: 92 | AY13: 4.32 | AZ13: 12 | BA13: Not eligible | BB13: Show faculty workload | BC13: Workload | BD13: Error | BE13: Database | BF13: 46096.421 | BG13: No
... A101: F100 | B101: Faculty_100 | C101: faculty100@college.edu | D101: 9820815761 | E101: Computer Science | F101: Lecturer | G101: Visiting | H101: 43894 | I101: 3 | J101: PhD | K101: Business Statistics | L101: SUB170 | M101: PG | N101: 5 | O101: A | P101: 2 | Q101: 2 | R101: 5 | S101: 2 | T101: 0 | U101: 7 | V101: 28 | W101: 20 | X101: 0 | Y101: 13 | Z101: 35 | AA101: Balanced | AB101: Busy | AC101: No | AD101: 8 | AE101: Tuesday | AF101: 08:00:00 | AG101: 10:00:00 | AH101: 2 | AI101: 7 | AJ101: R102 | AK101: Offline | AL101: 10 | AM101: Yes | AN101: Yes | AO101: 2 | AP101: 1 | AQ101: Exam Committee | AR101: 0 | AS101: 4 | AT101: 2 | AU101: 3 | AV101: 4.31 | AW101: 77 | AX101: 88 | AY101: 4.36 | AZ101: 8 | BA101: Not eligible | BB101: Show faculty workload | BC101: Faculty info | BD101: Success | BE101: Excel | BF101: 46096.421 | BG101: No
